<?xml version="1.0"?>
<!DOCTYPE cross-domain-policy SYSTEM "http://www.macromedia.com/xml/dtds/cross-domain-policy.dtd">
<cross-domain-policy>
 <allow-access-from domain="*.rd" secure="true" />
 <allow-access-from domain="*.sgt" secure="true" />
 <allow-access-from domain="*.mgt.rd" secure="true" />
 <allow-access-from domain="*.cdn.rd" secure="true" />
 <allow-access-from domain="*.qc" secure="true" />
 <allow-access-from domain="*.mgt.qc" secure="true" />
 <allow-access-from domain="*.cdn.qc" secure="true" />
 <allow-access-from domain="*.08online.com.tw" secure="true" />
 <allow-access-from domain="*.08online.rtm" secure="true" />
 <allow-access-from domain="*.08online.obqc" secure="true" />
 <allow-access-from domain="*.08online.qc2" secure="true" />
 <allow-access-from domain="*.08online.obrtm" secure="true" />
 <allow-access-from domain="08online.*" secure="true" />
 <allow-access-from domain="*" secure="true" />
 <allow-access-from domain="www.happy777.com.tw" secure="true" />
 <allow-http-request-headers-from domain="*.rd" headers="SOAPAction" />
 <allow-http-request-headers-from domain="*.sgt" headers="SOAPAction" />
 <allow-http-request-headers-from domain="*.cdn.rd" headers="SOAPAction" />
 <allow-http-request-headers-from domain="*.qc" headers="SOAPAction" />
 <allow-http-request-headers-from domain="*.cdn.qc" headers="SOAPAction" />
 <allow-http-request-headers-from domain="*.08online.com.tw" headers="SOAPAction" />
 <allow-http-request-headers-from domain="*.08online.rtm" headers="SOAPAction" /> 
 <allow-http-request-headers-from domain="*.08online.qc" headers="SOAPAction" />
 <allow-http-request-headers-from domain="*.08online.qc2" headers="SOAPAction" />
 <allow-http-request-headers-from domain="*.08online.rd" headers="SOAPAction" />
 <allow-http-request-headers-from domain="*.08online.obrtm" headers="SOAPAction" />
 <allow-http-request-headers-from domain="*.08online.obqc" headers="SOAPAction" />
 <allow-http-request-headers-from domain="08online.*" headers="SOAPAction" />
 <allow-http-request-headers-from domain="www.happy777.com.tw" headers="SOAPAction" />
 <allow-http-request-headers-from domain="*" headers="SOAPAction" />
	<allow-access-from domain="*.08online.*.sgt" secure="true" />
	<allow-http-request-headers-from domain="*.08online.*.sgt" headers="SOAPAction" />
</cross-domain-policy>