<?xml version="1.0"?>
<doc>
    <assembly>
        <name>PaymentGateway.StoreAPI</name>
    </assembly>
    <members>
        <member name="T:PaymentGateway.StoreAPI.ResponseInfo">
            <summary>
            商店更新訂單之屬性
            </summary>
        </member>
        <member name="P:PaymentGateway.StoreAPI.ResponseInfo.RequestType">
            <summary>
            訂單處理類別
            </summary>
        </member>
        <member name="P:PaymentGateway.StoreAPI.ResponseInfo.PGOrderID">
            <summary>
            PaymentGateway訂單編號
            </summary>
        </member>
        <member name="P:PaymentGateway.StoreAPI.ResponseInfo.SSOrderID">
            <summary>
            商店訂單編號
            </summary>
        </member>
        <member name="P:PaymentGateway.StoreAPI.ResponseInfo.BankOrderID">
            <summary>
            銀行訂單編號
            </summary>
        </member>
        <member name="P:PaymentGateway.StoreAPI.ResponseInfo.ResultCode">
            <summary>
            交易狀態編碼
            </summary>
        </member>
        <member name="P:PaymentGateway.StoreAPI.ResponseInfo.ResultText">
            <summary>
            交易狀態訊息
            </summary>
        </member>
        <member name="P:PaymentGateway.StoreAPI.ResponseInfo.BankApproveCode">
            <summary>
            金流業者授權號碼
            </summary>
        </member>
        <member name="P:PaymentGateway.StoreAPI.ResponseInfo.BankErrorCode">
            <summary>
            金流業者回傳狀態
            </summary>
        </member>
        <member name="P:PaymentGateway.StoreAPI.ResponseInfo.BankErrorText">
            <summary>
            金流業者回傳錯誤訊息
            </summary>
        </member>
        <member name="P:PaymentGateway.StoreAPI.ResponseInfo.CommitAmount">
            <summary>
            已確認之金額
            </summary>
        </member>
        <member name="P:PaymentGateway.StoreAPI.ResponseInfo.CommitPaymentTypeID">
            <summary>
            已確認之金流種類編號
            </summary>
        </member>
        <member name="P:PaymentGateway.StoreAPI.ResponseInfo.BankResultExtension">
            <summary>
            金流業者給予之其他相關資訊
            </summary>
        </member>
        <member name="F:PaymentGateway.StoreAPI.PaymentClientBase.RequestType">
            <summary>
            指定RequestType，預設為101
            </summary>
        </member>
        <member name="M:PaymentGateway.StoreAPI.PaymentClientBase.#ctor(System.String,System.String,System.String)">
            <summary>
            初始化 PayingHandler
            </summary>
            <param name="paymentGatewayHost">PaymentGateway的連接主機位址</param>
            <param name="storeID">商店代號</param>
            <param name="encryptKey">與 PaymentGateway 介接加密所使用的金鑰</param>
        </member>
        <member name="M:PaymentGateway.StoreAPI.PaymentClientBase.OrderInitial(System.String@,System.String@)">
             <summary>
             執行一筆新訂單交易 (RequestType 101)
             </summary>
             <example>
             <code>
             string sPaymentGatewayHost = "paystoreotm.lidurep.com";
             string sStoreID = "SS00001";
             string sEncryptKey = "AB12GDB84ACBDE";
             // 初始化 PaymentClient
             payingHandler = new PaymentClient(sPaymentGatewayHost, sStoreID, sEncryptKey);
            
             // 宣告 BeforePaying 處理常式 
             payingHandler.BeforePaying += new BeforePayingHandler(payingHandler_BeforePaying);
             // 指定賣場商店的訂單編號
             payingHandler.StoreOrderID = "T123456";
             // 指定訂單要顯示的商品名稱
             payingHandler.ProductName = "遊戲點數卡 100 點";
             // 指定購買商品相對應的商品編號 (如果有必要)
             payingHandler.ProductID = "N100";
             // 指定要使用的金流種類
             payingHandler.PaymentTypeID = 10201;
             // 指定付款金額
             payingHandler.Amount = 100;
             // 指定消費者姓名
             payingHandler.CustName = "黃大明";
             /// // 指定消費者匿稱
             payingHandler.CustName = "老子有錢";
             // 指定消費者身份證號
             payingHandler.CustPID = "A123456789";
             // 指定消費者 EMail
             payingHandler.CustEMail = "buyer@msn.com";
             // 指定消費者住家電話
             payingHandler.CustHomeTel = "0422341234"l
             // 指定消費者行動電話
             payingHandler.CustMobileTel = "0931031031";
             // 指定消費者通訊地址
             payingHandler.CustAddress = "台中市健行路360號";
             // 指定此訂單是否為測試訂單
             payingHandler.IsTestOrder = true;
             // 指定 RequestType 103 賣場商店接收訂單回報資訊的網址;
             payingHandler.OrderReportUrl = "http://www.happy777.com.tw/Payment/OrderReport.aspx";
             // 指定 RequestType 104 賣場商店顯示訂單結果的網址;
             payingHandler.OrderFinalUrl = "http://www.happy777.com.tw/Payment/OrderFinal.aspx";
             // 送出新訂單
             payingHandler.SendOrderRequest();
             </code>
             </example>
        </member>
        <member name="M:PaymentGateway.StoreAPI.PaymentClientBase.ReceiveOrderResult">
            <summary>
            接收訂單處理結果 (RequestType 103)
            </summary>
            <returns>
            型別: PaymentGateway.StoreAPI.PayingEventArgs<br></br>
            交易資訊。 在 RequestType 103中，交易資訊包含 PaymentGateway 與銀行端的完整交易資訊。
            </returns>
        </member>
        <member name="M:PaymentGateway.StoreAPI.PaymentClientBase.ReceiveOrderCancelResult">
            <summary>
            接收退單處理結果 (RequestType 106)
            </summary>
            <returns>
            型別: PaymentGateway.StoreAPI.PayingEventArgs<br></br>
            交易資訊。 在 RequestType 106中，交易資訊包含 PaymentGateway 與銀行端的完整交易資訊。
            </returns>
        </member>
        <member name="M:PaymentGateway.StoreAPI.PaymentClientBase.ReceivePassiveOrderResult">
            <summary>
            接收被動式訂單資訊 (RequestType 108)
            </summary>
            <returns>
            回傳PGOrderID
            </returns>
        </member>
        <member name="M:PaymentGateway.StoreAPI.PaymentClientBase.OrderFinal">
            <summary>
            結束訂單處理 (RequestType 104)
            </summary>
            <returns>
            型別: PaymentGateway.StoreAPI.PayingEventArgs<br></br>
            交易資訊。 在 RequestType 104中，交易資訊只會包含訂單編號資訊。
            </returns>
        </member>
        <member name="M:PaymentGateway.StoreAPI.PaymentClientBase.ReceiveRecordedOrderResult">
            <summary>
            銀行入帳訂單處理
            </summary>
            <returns></returns>
        </member>
        <member name="M:PaymentGateway.StoreAPI.PaymentClientBase.GetPaymentTypeList">
            <summary>
            從 PaymentGateway 取得所有金流種類列表
            </summary>
            <returns>
            型別: System.DataTable<br></br>
            所有金流種類列表
            </returns>
        </member>
        <member name="E:PaymentGateway.StoreAPI.PaymentClientBase.BeforePaying">
            <summary>
            在 RequestType 101 的過程當中, 當訂單交易準備進入銀行端之前在賣場商店端的觸發事件
            </summary>
        </member>
        <member name="P:PaymentGateway.StoreAPI.PaymentClientBase.PaymentGatewayHost">
            <summary>
            取得 PaymentGateway 的連接主機位址
            </summary>
        </member>
        <member name="P:PaymentGateway.StoreAPI.PaymentClientBase.StoreID">
            <summary>
            取得賣場商店編號
            </summary>
        </member>
        <member name="P:PaymentGateway.StoreAPI.PaymentClientBase.StoreOrderID">
            <summary>
            取得或設定商店端自訂訂單編號 <font color="red"><b>(必要)</b></font>
            </summary>
        </member>
        <member name="P:PaymentGateway.StoreAPI.PaymentClientBase.PaymentTypeID">
            <summary>
            取得或設定金流種類 <font color="red"><b>(必要)</b></font>
            </summary>
            <remarks>
            金流種類的列表，可以使用 <see cref="M:PaymentGateway.StoreAPI.PaymentClientBase.GetPaymentTypeList"/> 來取得。
            </remarks>
        </member>
        <member name="P:PaymentGateway.StoreAPI.PaymentClientBase.ProductName">
            <summary>
            取得或設定產品描述
            </summary>
        </member>
        <member name="P:PaymentGateway.StoreAPI.PaymentClientBase.Amount">
            <summary>
            取得或設定交易金額
            </summary>
        </member>
        <member name="P:PaymentGateway.StoreAPI.PaymentClientBase.CurrencyType">
            <summary>
            取得或設定幣別
            </summary>
        </member>
        <member name="P:PaymentGateway.StoreAPI.PaymentClientBase.CustName">
            <summary>
            取得或設定客戶名稱
            </summary>
        </member>
        <member name="P:PaymentGateway.StoreAPI.PaymentClientBase.NickName">
            <summary>
            取得或設定客戶匿稱
            </summary>
        </member>
        <member name="P:PaymentGateway.StoreAPI.PaymentClientBase.CustPID">
            <summary>
            取得或設定客戶身份證號碼
            </summary>
        </member>
        <member name="P:PaymentGateway.StoreAPI.PaymentClientBase.CustMobileTel">
            <summary>
            取得或設定客戶行動電話號碼
            </summary>
        </member>
        <member name="P:PaymentGateway.StoreAPI.PaymentClientBase.CustHomeTel">
            <summary>
            取得或設定客戶住家電話號碼
            </summary>
        </member>
        <member name="P:PaymentGateway.StoreAPI.PaymentClientBase.CustEMail">
            <summary>
            取得或設定客戶EMail
            </summary>
        </member>
        <member name="P:PaymentGateway.StoreAPI.PaymentClientBase.CustAddress">
            <summary>
            取得或設定客戶通訊地址
            </summary>
        </member>
        <member name="P:PaymentGateway.StoreAPI.PaymentClientBase.OrderExtension">
            <summary>
            取得或設定延申參數組, 多組參數之間以『＆』做分隔符號
            </summary>
        </member>
        <member name="P:PaymentGateway.StoreAPI.PaymentClientBase.IsAsync">
            <summary>
            是否非同步建立訂單
            </summary>
        </member>
        <member name="P:PaymentGateway.StoreAPI.PaymentClientBase.IsTestOrder">
            <summary>
            取得或設定是否標識為測試訂單。
            </summary>
            <remarks>
            當此值指定為 true 時, 用戶瀏灠器不會進入銀行，而是進入 PaymentGateway 提供符合金流業者交易介接規格的銀行模擬網頁，在該網頁可以看到訂單的內容，以及可以指訂該交易是要回傳回交易成功或者是交易失敗，以利開發人員或測試人員進行賣場商店端的金流測試。
            </remarks>
        </member>
        <member name="P:PaymentGateway.StoreAPI.PaymentClientBase.BankOrderID">
            <summary>
            銀行端訂單編號
            </summary>
        </member>
        <member name="P:PaymentGateway.StoreAPI.PaymentClientBase.ProductID">
            <summary>
            取得或設定購買產品編號
            </summary>
        </member>
        <member name="P:PaymentGateway.StoreAPI.PaymentClientBase.IsInvoiceType">
            <summary>
            取得或設定發票紙本
            </summary>
        </member>
        <member name="P:PaymentGateway.StoreAPI.PaymentClientBase.EncryptKey">
            <summary>
            取得與 PaymentGateway 介接加密所使用的金鑰
            </summary>
        </member>
        <member name="P:PaymentGateway.StoreAPI.PaymentClientBase.OrderReportUrl">
            <summary>
            接受RequestType103的訂單交易狀態報告網址 <font color="red"><b>(必要)</b></font>
            </summary>
        </member>
        <member name="P:PaymentGateway.StoreAPI.PaymentClientBase.OrderFinalUrl">
            <summary>
            接受RequestType104的訂單交易結束轉向網址 <font color="red"><b>(必要)</b></font>
            </summary>
        </member>
        <member name="P:PaymentGateway.StoreAPI.PaymentClientBase.OrderCancelReportUrl">
            <summary>
            接受RequestType105的退單交易狀態報告網址 <font color="red"><b>(必要)</b></font>
            </summary>
        </member>
        <member name="P:PaymentGateway.StoreAPI.PaymentClientBase.OrderRecordedUrl">
            <summary>
            接受RequestType110的訂單交易銀行入帳報告網址 <font color="red"><b>(必要)</b></font>
            </summary>
        </member>
        <member name="T:PaymentGateway.StoreAPI.SSQueryService">
            <summary>
            此類別提供 PaymentGateway 的賣場商店查詢服務
            </summary>
        </member>
        <member name="M:PaymentGateway.StoreAPI.SSQueryService.#ctor(System.String)">
            <summary>
            初始化 SSQueryService
            </summary>
            <param name="url">PaymentGateway 的主機位址, 例如: http://192.168.254.1:1605</param>
        </member>
        <member name="M:PaymentGateway.StoreAPI.SSQueryService.HelloWorld">
            <summary>
            HelloWorld
            </summary>
            <returns></returns>
        </member>
        <member name="M:PaymentGateway.StoreAPI.SSQueryService.GetPaymentTypeList(System.String)">
            <summary>
            取得所有金流種類的列表DataTable
            </summary>
            <returns></returns>
        </member>
        <member name="T:PaymentGateway.StoreAPI.WebRequestHandler">
            <summary>
            提供存取遠端網頁內容的類別
            </summary>
        </member>
        <member name="F:PaymentGateway.StoreAPI.WebRequestHandler._ManualResetEvent_SendFlag">
            <summary>
            做為 Send 方法執行期間每個非同步作業的處理旗標
            </summary>
        </member>
        <member name="M:PaymentGateway.StoreAPI.WebRequestHandler.#ctor(System.String)">
            <summary>
            初始化 WebRequestHandler
            </summary>
        </member>
        <member name="M:PaymentGateway.StoreAPI.WebRequestHandler.Finalize">
            <summary>
            解構函式 
            </summary>
        </member>
        <member name="M:PaymentGateway.StoreAPI.WebRequestHandler.Send">
            <summary>
            讀取遠端網頁
            </summary>
            <returns></returns>
        </member>
        <member name="M:PaymentGateway.StoreAPI.WebRequestHandler.Send(System.String)">
            <summary>
            傳送資料至遠端網頁, 並且回傳遠端網頁回應的資料
            </summary>
            <param name="postData">要傳送的資料</param>
            <returns></returns>
        </member>
        <member name="M:PaymentGateway.StoreAPI.WebRequestHandler.Dispose">
            <summary>
            釋放相關資源
            </summary>
        </member>
        <member name="M:PaymentGateway.StoreAPI.WebRequestHandler.GetRequestStream_TimeoutCallback(System.Object,System.Boolean)">
            <summary>
            處理 GetRequestStream 的逾時程序
            </summary>
            <param name="state">WebRequestHandler 執行階段物件</param>
            <param name="timedOut">是否逾時</param>
        </member>
        <member name="M:PaymentGateway.StoreAPI.WebRequestHandler.GetResponse_TimeoutCallback(System.Object,System.Boolean)">
            <summary>
            處理 GetResponse 的逾時程序. 
            </summary>
            <param name="state">WebRequestHandler 執行階段物件</param>
            <param name="timedOut">是否逾時</param>
        </member>
        <member name="M:PaymentGateway.StoreAPI.WebRequestHandler.GetRequestStream_CallBack(System.IAsyncResult)">
            <summary>
            取得寫入資料的串流物件的非同步委派處理常式
            </summary>
            <param name="result">非同步狀態物件</param>
        </member>
        <member name="M:PaymentGateway.StoreAPI.WebRequestHandler.GetResponse_CallBack(System.IAsyncResult)">
            <summary>
            開始處理非同步的讀取遠端網頁資料流
            </summary>
            <param name="asyncResult">非同步讀取的狀態物件</param>
        </member>
        <member name="M:PaymentGateway.StoreAPI.WebRequestHandler.GetResponse_Read_CallBack(System.IAsyncResult)">
            <summary>
            處理非同步的讀取遠端網頁資料流
            </summary>
            <param name="asyncResult">非同步讀取的狀態物件</param>
        </member>
        <member name="P:PaymentGateway.StoreAPI.WebRequestHandler.LastAsyncErrorMessage">
            <summary>
            取得或設定最近一次的錯誤訊息
            </summary>
        </member>
        <member name="P:PaymentGateway.StoreAPI.WebRequestHandler.SendTimeout">
            <summary>
            取得或設定發送資料到遠端網頁的逾時毫秒數, 影響的範圍是 GetRequestStream(). 預設值為 62000.
            </summary>
        </member>
        <member name="P:PaymentGateway.StoreAPI.WebRequestHandler.ReceiveTimeout">
            <summary>
            取得或設定讀取遠端網頁資料的逾時毫秒數, 影響的範圍是 GetRequestStream(). 預設值為 62000.
            </summary>
        </member>
        <member name="P:PaymentGateway.StoreAPI.WebRequestHandler.Url">
            <summary>
            取得或設定遠端網站的完整網址
            </summary>
        </member>
        <member name="P:PaymentGateway.StoreAPI.WebRequestHandler.Request">
            <summary>
            取得連接遠端網站的 Request 物件
            </summary>
        </member>
        <member name="T:PaymentGateway.StoreAPI.GetResponseState">
            <summary>
            此類別提供讀取網頁內容的狀態物件
            </summary>
        </member>
        <member name="M:PaymentGateway.StoreAPI.GetResponseState.#ctor">
            <summary>
            初始化 GetResponseState
            </summary>
        </member>
        <member name="P:PaymentGateway.StoreAPI.GetResponseState.BufferSize">
            <summary>
            取得傳輸緩衝區大小
            </summary>
        </member>
        <member name="P:PaymentGateway.StoreAPI.GetResponseState.RequestData">
            <summary>
            取得緩衝區累積資料物件
            </summary>
        </member>
        <member name="P:PaymentGateway.StoreAPI.GetResponseState.BufferRead">
            <summary>
            取得或設定緩衝區當前資料
            </summary>
        </member>
        <member name="P:PaymentGateway.StoreAPI.GetResponseState.Request">
            <summary>
            取得或設定 HTTP WebRequest 物件
            </summary>
        </member>
        <member name="P:PaymentGateway.StoreAPI.GetResponseState.Response">
            <summary>
            取得或設定 HTTP WebResponse 物件
            </summary>
        </member>
        <member name="P:PaymentGateway.StoreAPI.GetResponseState.StreamResponse">
            <summary>
            取得或設定資料串流物件
            </summary>
        </member>
        <member name="T:PaymentGateway.StoreAPI.GetRequestState">
            <summary>
            此類別提供發送網頁要求的狀態物件
            </summary>
        </member>
        <member name="M:PaymentGateway.StoreAPI.GetRequestState.#ctor">
            <summary>
            初始化 GetRequestState
            </summary>
        </member>
        <member name="P:PaymentGateway.StoreAPI.GetRequestState.Request">
            <summary>
            取得或設定 HTTP WebRequest 物件
            </summary>
        </member>
        <member name="P:PaymentGateway.StoreAPI.GetRequestState.PostData">
            <summary>
            取得或設定要發送出去的資料
            </summary>
        </member>
        <member name="T:PaymentGateway.StoreAPI.PaymentClient">
             <summary>
             提供商店端處理新訂單的類別
             </summary>
             <example>
             <code>
             string sPaymentGatewayHost = "paystoreotm.lidurep.com";
             string sStoreID = "SS00001";
             string sEncryptKey = "AB12GDB84ACBDE";
             // 初始化 PaymentClient
             payingHandler = new PaymentClient(sPaymentGatewayHost, sStoreID, sEncryptKey);
            
             // 宣告 BeforePaying 處理常式 
             payingHandler.BeforePaying += new BeforePayingHandler(payingHandler_BeforePaying);
             // 指定賣場商店的訂單編號
             payingHandler.StoreOrderID = "T123456";
             // 指定訂單要顯示的商品名稱
             payingHandler.ProductName = "遊戲點數卡 100 點";
             // 指定購買商品相對應的商品編號 (如果有必要)
             payingHandler.ProductID = "N100";
             // 指定要使用的金流種類
             payingHandler.PaymentTypeID = 10201;
             // 指定付款金額
             payingHandler.Amount = 100;
             // 指定消費者姓名
             payingHandler.CustName = "黃大明";
             // 指定消費者身份證號
             payingHandler.CustPID = "A123456789";
             // 指定消費者 EMail
             payingHandler.CustEMail = "buyer@msn.com";
             // 指定消費者住家電話
             payingHandler.CustHomeTel = "0422341234"l
             // 指定消費者行動電話
             payingHandler.CustMobileTel = "0931031031";
             // 指定消費者通訊地址
             payingHandler.CustAddress = "台中市健行路360號";
             // 指定此訂單是否為測試訂單
             payingHandler.IsTestOrder = true;
             // 指定 RequestType 103 賣場商店接收訂單回報資訊的網址;
             payingHandler.OrderReportUrl = "http://www.happy777.com.tw/Payment/OrderReport.aspx";
             // 指定 RequestType 104 賣場商店顯示訂單結果的網址;
             payingHandler.OrderFinalUrl = "http://www.happy777.com.tw/Payment/OrderFinal.aspx";
             // 送出新訂單
             payingHandler.SendOrderRequest();
             </code>
             </example>
             <remarks>
             備註: 提供商店端處理新訂單的類別
             </remarks>
        </member>
        <member name="T:PaymentGateway.StoreAPI.GlobalLib">
            <summary>
            StoreAPI 的其他性功能
            </summary>
        </member>
        <member name="F:PaymentGateway.StoreAPI.GlobalLib._ManualResetEvent_HttpRequestSwitch">
            <summary>
            做為 HttpWebRequest 非同步作業時的處理旗標
            </summary>
        </member>
        <member name="M:PaymentGateway.StoreAPI.GlobalLib.EncryptText(System.String,System.String)">
            <summary>
            加密字串
            </summary>
            <param name="sourceText">欲加密的字串</param>
            <param name="key">公開金鑰</param>
            <returns></returns>
        </member>
        <member name="M:PaymentGateway.StoreAPI.GlobalLib.DecryptText(System.String,System.String)">
            <summary>
            解密字串
            </summary>
            <param name="encryptedText">欲解密的字串</param>
            <param name="key">公開金鑰</param>
            <returns></returns>
        </member>
        <member name="M:PaymentGateway.StoreAPI.GlobalLib.DataTableToXML(System.Data.DataTable)">
            <summary>
            將 DataTable 轉成 XML 
            </summary>
            <param name="dataTable">要轉換的 DataTable </param>
            <returns></returns>
        </member>
        <member name="M:PaymentGateway.StoreAPI.GlobalLib.XMLToDataTable(System.String)">
            <summary>
            將 XML 轉成 DataTable  
            </summary>
            <param name="xmlDocument">要轉換的 XML 文件</param>
            <returns></returns>
        </member>
        <member name="M:PaymentGateway.StoreAPI.GlobalLib.ResponseScript(System.String,PaymentGateway.StoreAPI.GlobalLib.ResponseScriptPlace)">
            <summary>
            輸出 JavasScript 到指定的網頁部位
            </summary>
            <param name="script">Script內容(不需包含開頭跟結尾標籤)</param>
            <param name="place">要輸出的網頁部位</param>
        </member>
        <member name="M:PaymentGateway.StoreAPI.GlobalLib.ResponseScript(System.Web.UI.Control,System.String,PaymentGateway.StoreAPI.GlobalLib.ResponseScriptPlace)">
            <summary>
            輸出 JavasScript 到指定的網頁部位
            </summary>
            <param name="control">指定要註冊的目的控制項</param>
            <param name="script">Script內容(不需包含開頭跟結尾標籤)</param>
            <param name="place">要輸出的網頁部位</param>
        </member>
        <member name="M:PaymentGateway.StoreAPI.GlobalLib.PostRedirect(System.String,System.String,System.String,System.Boolean)">
            <summary>
            使用 Javascript 方式來執行 Post Form redirect.
            </summary>
            <param name="url">欲轉入的網址</param>
            <param name="postData">PostData etc:UserName=John＆Sex=Boy＆...</param>
            <param name="targetFrame">指定要將網址載入到哪一個 Frame 名稱</param>
            <param name="isTest">是否執行為測試模式</param>
        </member>
        <member name="P:PaymentGateway.StoreAPI.GlobalLib.CurrentPage">
            <summary>
            取得目前操作中的 Page 執行個體
            </summary>
        </member>
        <member name="P:PaymentGateway.StoreAPI.GlobalLib.CurrentScriptManager">
            <summary>
            取得目前已載入到本頁的 ScriptManager 物件
            </summary>
        </member>
        <member name="P:PaymentGateway.StoreAPI.GlobalLib.IsInAsyncPostBack">
            <summary>
            取得目前的回傳是否正在部分呈現模式(非同步)下執行
            </summary>
        </member>
        <member name="T:PaymentGateway.StoreAPI.GlobalLib.ResponseScriptPlace">
            <summary>
            可輸出 Script 到網頁部位的列舉值
            </summary>
        </member>
        <member name="F:PaymentGateway.StoreAPI.GlobalLib.ResponseScriptPlace.NearFormBegin">
            <summary>
            將 Script 區塊輸出在文件前端
            </summary>
        </member>
        <member name="F:PaymentGateway.StoreAPI.GlobalLib.ResponseScriptPlace.NearFormEnd">
            <summary>
            將 Script 區塊輸出在文件尾端
            </summary>
        </member>
        <member name="T:PaymentGateway.StoreAPI.RequestType">
            <summary>
            訂單處理類別
            </summary>
        </member>
        <member name="F:PaymentGateway.StoreAPI.RequestType.StoreInitial">
            <summary>
            Req101 商店端請求建立訂單
            </summary>
        </member>
        <member name="F:PaymentGateway.StoreAPI.RequestType.RequestToBank">
            <summary>
            Req102 與銀行端作業之開頭
            </summary>
        </member>
        <member name="F:PaymentGateway.StoreAPI.RequestType.StoreUpdateOrder">
            <summary>
            Req103 更新商店端訂單
            </summary>
        </member>
        <member name="F:PaymentGateway.StoreAPI.RequestType.GoBackStore">
            <summary>
            Req104 回商店端
            </summary>
        </member>
        <member name="F:PaymentGateway.StoreAPI.RequestType.StoreCancelOrder">
            <summary>
            Req105 商店端傳送退單請求
            </summary>
        </member>
        <member name="F:PaymentGateway.StoreAPI.RequestType.BankConfrimCancelOrder">
            <summary>
            Req106 銀行端確認取消訂單
            </summary>
        </member>
        <member name="F:PaymentGateway.StoreAPI.RequestType.PassiveBankOrder">
            <summary>
            Req108 被動式接收銀行資料
            </summary>
        </member>
        <member name="F:PaymentGateway.StoreAPI.RequestType.PassiveStoreProcess">
            <summary>
            Req109 商店端進行被動式處理
            </summary>
        </member>
        <member name="F:PaymentGateway.StoreAPI.RequestType.SendRecordOrder">
            <summary>
            Req110 傳送給商店端已入帳訂單
            </summary>
        </member>
        <member name="F:PaymentGateway.StoreAPI.RequestType.StoreOrderProcess">
            <summary>
            Req111 提供商店更新訂單之API
            </summary>
        </member>
        <member name="T:PaymentGateway.StoreAPI.BeforePayingHandler">
            <summary>
            表示處理 PaymentClient 物件之 BeforePaying 事件的方法
            </summary>
            <param name="sender">事件的來源</param> 
            <param name="e">PayingEventArgs物件，包含事件資料。</param>
        </member>
        <member name="T:PaymentGateway.StoreAPI.BeforeCancelHandler">
            <summary>
            表示處理 PaymentClient 物件之 BeforCancel 事件的方法
            </summary>
            <param name="sender">事件的來源</param> 
            <param name="e">CancelOrderArgs物件，包含事件資料。</param>
        </member>
        <member name="T:PaymentGateway.StoreAPI.PayingEventArgs">
            <summary>
            提供交易狀態的資料
            </summary>
            <remarks>
            <p>內部包含的屬性中：</p>
            <p><see cref="P:PaymentGateway.StoreAPI.PayingEventArgs.ResultCode"/>、<see cref="P:PaymentGateway.StoreAPI.PayingEventArgs.ResultText"/>、<see cref="P:PaymentGateway.StoreAPI.PayingEventArgs.PGOrderID"/> 是由 PaymentGateway 端所產生的資料。</p>
            <p><see cref="P:PaymentGateway.StoreAPI.PayingEventArgs.BankApproveCode"/>、<see cref="P:PaymentGateway.StoreAPI.PayingEventArgs.BankErrorCode"/>、<see cref="P:PaymentGateway.StoreAPI.PayingEventArgs.BankErrorText"/>、<see cref="P:PaymentGateway.StoreAPI.PayingEventArgs.CommitAmount"/>、<see cref="P:PaymentGateway.StoreAPI.PayingEventArgs.BankResultExtension"/> 是由銀行端所產生的資料。</p>
            </remarks>
        </member>
        <member name="P:PaymentGateway.StoreAPI.PayingEventArgs.ResultCode">
            <summary>
            取得處理結果代碼
            </summary>
            <remarks>
            這是由 PaymentGateway 端所產生的資料
            </remarks>
        </member>
        <member name="P:PaymentGateway.StoreAPI.PayingEventArgs.ResultText">
            <summary>
            取得處理結果文字描述
            </summary>
            <remarks>
            這是由 PaymentGateway 端所產生的資料
            </remarks>
        </member>
        <member name="P:PaymentGateway.StoreAPI.PayingEventArgs.PGOrderID">
            <summary>
            取得 PaymentGateway 端產生的訂單編號
            </summary>
            <remarks>
            這是由 PaymentGateway 端所產生的資料
            </remarks>
        </member>
        <member name="P:PaymentGateway.StoreAPI.PayingEventArgs.SSOrderID">
            <summary>
            取得商店自訂的訂單編號
            </summary>
        </member>
        <member name="P:PaymentGateway.StoreAPI.PayingEventArgs.BankApproveCode">
            <summary>
            取得銀行端交易授權碼
            </summary>
            <remarks>
            這是由銀行端所產生的資料
            </remarks>
        </member>
        <member name="P:PaymentGateway.StoreAPI.PayingEventArgs.BankErrorCode">
            <summary>
            取得銀行端的原始錯誤代碼 
            </summary>
            <remarks>
            這是由銀行端所產生的資料
            </remarks>
        </member>
        <member name="P:PaymentGateway.StoreAPI.PayingEventArgs.BankErrorText">
            <summary>
            取得銀行端的原始錯誤訊息描述
            </summary>
            <remarks>
            這是由銀行端所產生的資料
            </remarks>
        </member>
        <member name="P:PaymentGateway.StoreAPI.PayingEventArgs.CommitAmount">
            <summary>
            取得實際交易金額.
            </summary>
            <remarks>
            <p>這是由銀行端所產生的資料</p>
            <p>由於有一些金流種類的交易金額並非一開始建立訂單就決定好的，而是在交易結束之後，才能得知消費者所支付的金額，所以此屬性便是提供給賣場商店得知消費者實際的支付金額。</p>
            </remarks>
        </member>
        <member name="P:PaymentGateway.StoreAPI.PayingEventArgs.BankResultExtension">
            <summary>
            取得交易結束的補充資訊
            </summary>
            <remarks>
            <p>這是由銀行端所產生的資料</p>
            <p>有一些特殊的金流種類含有特定參數用來表示其特有的結果資訊。</p>
            <p>例如超商代收，會回傳繳費單的有效期限值(用來確認用)。</p>
            <p>這個字串包含多個值，每個值之間使用半型『＆』符號來做分隔。</p>
            <p>例如『DueDate=20110302＆CardNo=XX312』。</p>
            </remarks>
        </member>
        <member name="P:PaymentGateway.StoreAPI.PayingEventArgs.CommitPaymentTypeID">
            <summary>
            取得實際使用的金流種類編號
            </summary>
            <remarks>
            <p>有一些特殊的金流種類在一開始建立訂單時，需使用不明確的金流種類來進行交易(例如捷達威)，則最後 PaymentGateway 會使用此屬性將實際付款的金流種類帶回給賣場商店。</p>
            </remarks>
        </member>
        <member name="P:PaymentGateway.StoreAPI.PayingEventArgs.PGOrderIDList">
            <summary>
            取得入帳之訂單編號
            </summary>
            <remarks>
            <p>格式:</p>
            <p>PaymentGateway訂單編號,PaymentGateway訂單編號</p>
            </remarks>
        </member>
        <member name="T:PaymentGateway.StoreAPI.CancelOrderArgs">
            <summary>
            提供交易狀態的資料
            </summary>
            <remarks>
            <p>內部包含的屬性中：</p>
            <p><see cref="P:PaymentGateway.StoreAPI.CancelOrderArgs.ResultCode"/> 是由 PaymentGateway 端所產生的資料。</p>
            <p><see cref="P:PaymentGateway.StoreAPI.CancelOrderArgs.PGOrderID"/>、<see cref="P:PaymentGateway.StoreAPI.CancelOrderArgs.OrderCancelReasonCode"/>、<see cref="P:PaymentGateway.StoreAPI.CancelOrderArgs.OrderCancelReasonSysMsg"/>、<see cref="P:PaymentGateway.StoreAPI.CancelOrderArgs.OrderCancelReasonUserMsg"/>是由商店端所產生的資料。</p>
            </remarks>
        </member>
        <member name="P:PaymentGateway.StoreAPI.CancelOrderArgs.ResultCode">
            <summary>
            取得處理結果代碼
            </summary>
            <remarks>
            這是由 PaymentGateway 端所產生的資料
            </remarks>
        </member>
        <member name="P:PaymentGateway.StoreAPI.CancelOrderArgs.PGOrderID">
            <summary>
            取得 商店 端產生的訂單編號
            </summary>
            <remarks>
            這是由 商店 端所產生的資料
            </remarks>
        </member>
        <member name="P:PaymentGateway.StoreAPI.CancelOrderArgs.OrderCancelReasonCode">
            <summary>
            取得處理結果代碼
            </summary>
            <remarks>
            這是由 PaymentGateway 端所產生的資料
            </remarks>
        </member>
        <member name="P:PaymentGateway.StoreAPI.CancelOrderArgs.OrderCancelReasonSysMsg">
            <summary>
            取得處理結果代碼
            </summary>
            <remarks>
            這是由 PaymentGateway 端所產生的資料
            </remarks>
        </member>
        <member name="P:PaymentGateway.StoreAPI.CancelOrderArgs.OrderCancelReasonUserMsg">
            <summary>
            取得處理結果代碼
            </summary>
            <remarks>
            這是由 PaymentGateway 端所產生的資料
            </remarks>
        </member>
        <member name="T:PaymentGateway.StoreAPI.PaymentParameterCollection">
            <summary>
            提供金流參數集合的封裝類別
            </summary>
        </member>
        <member name="M:PaymentGateway.StoreAPI.PaymentParameterCollection.#ctor">
            <summary>
            初始化參數節點.
            </summary>
        </member>
        <member name="M:PaymentGateway.StoreAPI.PaymentParameterCollection.#ctor(System.String)">
            <summary>
            初始化參數節點
            </summary>
            <param name="tagName">節點名稱</param>
        </member>
        <member name="M:PaymentGateway.StoreAPI.PaymentParameterCollection.CreateParentCollection(System.String)">
            <summary>
            從目前參數節點往上建出指定完整節點名稱的每一層父參數節點
            </summary>
            <param name="tagName">完整節點名稱</param>
            <returns></returns>
        </member>
        <member name="M:PaymentGateway.StoreAPI.PaymentParameterCollection.CreateChildCollection(System.String)">
            <summary>
            從目前參數節點往下建立出完整節點名稱的每一個子節點
            </summary>
            <param name="tagName">新的子節點名稱</param>
            <returns></returns>
        </member>
        <member name="M:PaymentGateway.StoreAPI.PaymentParameterCollection.GetTopCollection">
            <summary>
            取得最上階參數節點
            </summary>
            <returns></returns>
        </member>
        <member name="M:PaymentGateway.StoreAPI.PaymentParameterCollection.GetCollection(System.String)">
            <summary>
            取得從目前參數節點開始往下的完整節點名稱.例如目前的節點名稱為 A, 則 A.B.C.D 代表取得 D 這個參數節點.
            </summary>
            <param name="name">完整節點名稱</param>
            <returns></returns>
        </member>
        <member name="M:PaymentGateway.StoreAPI.PaymentParameterCollection.Add(System.String,System.String)">
            <summary>
            在目前參數節點下新增一個參數
            </summary>
            <param name="key">參數名稱</param>
            <param name="value">參數值</param>
        </member>
        <member name="M:PaymentGateway.StoreAPI.PaymentParameterCollection.ToXML(System.Boolean)">
            <summary>
            將目前節點及下層所有節點物件轉成 XML 文件
            </summary>
            <param name="isOutputFromTop">是否要從最上階開始往下轉換</param>
            <returns></returns>
        </member>
        <member name="M:PaymentGateway.StoreAPI.PaymentParameterCollection.ToXML">
            <summary>
            將目前節點及下層所有節點物件轉成 XML 文件
            </summary>
            <returns></returns>
        </member>
        <member name="M:PaymentGateway.StoreAPI.PaymentParameterCollection.ToXML(System.Int32)">
            <summary>
            將目前節點及下層所有節點物件轉成 XML 文件
            </summary>
            <param name="currentNodeLevel">指定目前正在操作整份 XML 文件中的節點層數</param>
            <returns></returns>
        </member>
        <member name="M:PaymentGateway.StoreAPI.PaymentParameterCollection.FromXML(System.String)">
            <summary>
            將指定的 XML 文件匯入此節點. 這個動作會先清空現存有的所有參數及子節點. 
            </summary>
            <param name="xmlText">XML文件</param>
        </member>
        <member name="M:PaymentGateway.StoreAPI.PaymentParameterCollection.ParseNode(System.Xml.XmlNode)">
            <summary>
            根據指定的 XML 文件節點將結構匯入成為參數及參數子節點
            </summary>
            <param name="node">XML文件節點</param>
        </member>
        <member name="P:PaymentGateway.StoreAPI.PaymentParameterCollection.Parameters">
            <summary>
            取得目前參數節點下的參數集合
            </summary>
        </member>
        <member name="P:PaymentGateway.StoreAPI.PaymentParameterCollection.ChildCollections">
            <summary>
            取得目前參數節點下的子參數節點集合
            </summary>
        </member>
        <member name="P:PaymentGateway.StoreAPI.PaymentParameterCollection.TagName">
            <summary>
            取得目前參數節點的名稱
            </summary>
        </member>
        <member name="P:PaymentGateway.StoreAPI.PaymentParameterCollection.Parent">
            <summary>
            取得上層參數節點物件
            </summary>
        </member>
        <member name="P:PaymentGateway.StoreAPI.PaymentParameterCollection.Item(System.String)">
            <summary>
            取得從目前參數節點開始往下的完整節點名稱.例如目前的節點名稱為 A, 則 A.B.C.D 代表取得 D 這個參數節點.
            </summary>
            <param name="name">完整節點名稱</param>
            <returns></returns>
        </member>
    </members>
</doc>
