<?xml version="1.0"?>
<doc>
    <assembly>
        <name>GS.FSCommander</name>
    </assembly>
    <members>
        <member name="T:GS.FSCommander.FSCommander">
            <summary>
            Front Server命令
            </summary>
        </member>
        <member name="M:GS.FSCommander.FSCommander.FS_AS_USER_RELOGIN(System.String,System.String,System.String,System.String,System.String)">
            <summary>
            後踢前-重複登入
            </summary>
            <param name="MemberID">玩家編號</param>
            <param name="PlayerIP">玩家上線 IP</param>
            <param name="Platform">玩家使用平台</param>
            <param name="SessionID">Session ID</param>
            <param name="WID">(老子有錢系列時此值固定為0, 而ruby 系列則要帶正確的WId)</param>
            <returns>
            	回傳內容請參閱: 登入狀態及初始封包定義
            </returns>
        </member>
        <member name="M:GS.FSCommander.FSCommander.FS_AS_USER_LOGOUT(System.String,System.String)">
            <summary>
            FS 接收 IIS 通知玩家登出訊息, 轉發至 AS
            </summary>
            <param name="MemberID">會員編號</param>
            <param name="OnlineID">OnlineID</param>
            <returns>執行結果</returns>
        </member>
        <member name="M:GS.FSCommander.FSCommander.FS_AS_IIS_LOGIN_BY_UNITED(System.String,System.String,System.String,System.String,System.String)">
            <summary>
            IIS Login by United Member (聯合會員)
            </summary>
            <param name="Account">玩家帳號</param>
            <param name="PlayerIP">玩家上線 IP</param>
            <param name="Platform">玩家使用平台</param>
            <param name="SessionID">Session ID</param>
            <param name="WID">(老子有錢系列時此值固定為0, 而ruby 系列則要帶正確的WID)</param>
            <returns>
            	回傳內容請參閱: 登入狀態及初始封包定義
            </returns>
        </member>
        <member name="M:GS.FSCommander.FSCommander.FS_AS_WEB_KICK_USER(System.String)">
            <summary>
            FS 主動通知將某玩家踢離遊戲
            </summary>
            <param name="MemberID">玩家編號</param>
            <returns>
            	詢問結果 (0: 失敗, 1: 成功)
            </returns>
        </member>
        <member name="M:GS.FSCommander.FSCommander.FS_AS_SPEAKER_ADD(System.String,System.String,System.String,System.String)">
            <summary>
            增加喇叭數量
            </summary>
            <param name="MemberID">玩家編號</param>
            <param name="ProductID">道具編號</param>
            <param name="Quality">本次購買數量</param>
            <param name="Amount">增加的道具總數</param>
            <returns>
            	詢問結果 (0: 失敗, 1: 成功)
            </returns>
        </member>
        <member name="M:GS.FSCommander.FSCommander.FS_AS_CREDIT_CHANGE(System.Int64,System.Int32,System.Decimal,System.Int32)">
            <summary>
            玩家點數異動
            </summary>
            <param name="KeyInOutNO">事件編號</param>
            <param name="MemberID">會員編號</param>
            <param name="PointChange">異動點數</param>
            <param name="PointType">點數類型(1:U幣  2:H幣)</param>
            <returns>
            	[Result]&amp;[ResultMsg]
            	[Result]: 異動結果 (0: 成功, 其他代碼訊息請查詢 DB 定義)
            	[ResultMsg]: 結果訊息
            </returns>
        </member>
        <member name="M:GS.FSCommander.FSCommander.FS_AS_GOT_BONUS(System.Int32,System.Int32,System.String,System.String,System.String,System.String,System.String)">
            <summary>
            領取活動贈獎
            </summary>
            <param name="MemberID">玩家編號</param>
            <param name="ActID">活動編號</param>
            <param name="ActType">活動類型</param>
            <param name="Name">玩家姓名</param>
            <param name="Mobile">手機</param>
            <param name="Phone">電話</param>
            <param name="Address">地址</param>
            <returns>
            	詢問結果 (0: 失敗, 1: 成功)
            </returns>
        </member>
        <member name="M:GS.FSCommander.FSCommander.FS_AS_IIS_LOGIN(System.String,System.String,System.String,System.String,System.String,System.String,System.String)">
            <summary>
            IIS Login
            </summary>
            <param name="Account">玩家帳號</param>
            <param name="Password">玩家密碼</param>
            <param name="LoginIP">玩家上線 IP</param>
            <param name="PhoneCode">手機末四碼</param>
            <param name="Platform">玩家使用平台</param>
            <param name="SessionID">Session ID</param>
            <param name="WID">老子有錢系列時此值固定為0, 而ruby 系列則要帶正確的WID</param>
            <returns>
            	回傳內容請參閱: 登入狀態及初始封包定義
            </returns>
        </member>
        <member name="M:GS.FSCommander.FSCommander.FS_AS_IIS_LOGIN_BY_GUEST(System.String,System.String,System.String,System.String,System.String)">
            <summary>
            免費遊戲登入
            </summary>
            <param name="GameID">遊戲編號</param>
            <param name="GroupID">群組編號</param>
            <param name="SessionID">SessionID</param>
            <param name="WID">單號</param>
            <param name="ClientIP">上線位址</param>
            <returns>登入結果</returns>
        </member>
        <member name="M:GS.FSCommander.FSCommander.FS_AS_ADD_LUCKYMONEY(System.String,System.String,System.String,System.String)">
            <summary>
            玩家取得幸運金
            </summary>
            <param name="MemberID">會員編號</param>
            <param name="LMActivityID">幸運金活動編號</param>
            <param name="LMGroupID">幸運金群組編號</param>
            <param name="LMPresented">幸運金贈點</param>
            <returns>
            	詢問結果 (0: 失敗, 1: 成功)
            </returns>
        </member>
        <member name="M:GS.FSCommander.FSCommander.FS_AS_ADD_GIFT(System.String,System.String,System.String)">
            <summary>
            獲得禮物
            </summary>
            <param name="EventType">事件編號</param>
            <param name="MemberID">玩家編號</param>
            <param name="GiftID">獲得的禮物編號</param>
            <returns>
            	[Result]&amp;[BonusAct]
            		[Result]: 贈送結果 (0: 失敗, 1: 成功)
            		[BonusAct]: 該活動禮物的資訊字串
            </returns>
        </member>
        <member name="P:GS.FSCommander.FSCommander.ServerIP">
            <summary>
            ServerIP
            </summary>
        </member>
        <member name="P:GS.FSCommander.FSCommander.ServerPort">
            <summary>
            ServerPort
            </summary>
        </member>
        <member name="P:GS.FSCommander.FSCommander.SHID">
            <summary>
            SHID
            </summary>
        </member>
        <member name="P:GS.FSCommander.ServerConfig.ServerIP">
            <summary>
            Front Server IP
            </summary>
        </member>
        <member name="P:GS.FSCommander.ServerConfig.ServerPort">
            <summary>
            Front Server Port
            </summary>
        </member>
        <member name="P:GS.FSCommander.ServerConfig.SHID">
            <summary>
            StockHolderID
            </summary>
        </member>
    </members>
</doc>
