<?xml version="1.0"?>
<doc>
    <assembly>
        <name>GS.ServerCommander</name>
    </assembly>
    <members>
        <member name="P:GS.ServerCommander.ServerConfig.FrontServerIP">
            <summary>
            Front Server IP
            </summary>
        </member>
        <member name="P:GS.ServerCommander.ServerConfig.FrontServerPort">
            <summary>
            Front Server Port
            </summary>
        </member>
        <member name="P:GS.ServerCommander.ServerConfig.IMServerIP">
            <summary>
            Front Server IP
            </summary>
        </member>
        <member name="P:GS.ServerCommander.ServerConfig.IMServerPort">
            <summary>
            Front Server Port
            </summary>
        </member>
        <member name="P:GS.ServerCommander.ServerConfig.SHID">
            <summary>
            StockHolderID
            </summary>
        </member>
        <member name="T:GS.ServerCommander.Converter">
            <summary>
            將 C# 的 Struct 改成 ByteArray ，使用這個的可以讓記憶體中的 Struct 直接轉換成 ByteArray
            而不使用 Serialize 的原因是因為 C# 會多寫一些他自己語言特性的資料在裡面，會讓整個 Size 變大
            </summary>
        </member>
        <member name="M:GS.ServerCommander.Converter.ToByteArray(System.Object)">
            <summary>
            將 Struct 變成 ByteArray
            </summary>
            <param name="obj">要轉換的物件</param>
            <returns>回傳 ByteArray </returns>
        </member>
        <member name="M:GS.ServerCommander.Converter.ByteArrayTo``1(System.Byte[])">
            <summary>
            將 ByteArray 轉換回指定的 Struct
            </summary>
            <typeparam name="T">要轉換的目標型別</typeparam>
            <param name="bytes">要轉換的 ByteArray</param>
            <returns>轉換後的目標型別</returns>
        </member>
        <member name="T:GS.ServerCommander.FS_IIS_GOT_CUMULATIVE_POINTS_R">
            <summary>
            FS_IIS_GOT_CUMULATIVE_POINTS_R
            </summary>
        </member>
        <member name="M:GS.ServerCommander.FS_IIS_GOT_CUMULATIVE_POINTS_R.#ctor">
            <summary>
            FS_IIS_GOT_CUMULATIVE_POINTS_R()
            </summary>
        </member>
        <member name="F:GS.ServerCommander.FS_IIS_GOT_CUMULATIVE_POINTS_R.Result">
            <summary>
            結果 (0: 成功, 1: 遊戲中不能領取  2:金額跟DB不符,請玩家重登在試)
            </summary>
        </member>
        <member name="F:GS.ServerCommander.FS_IIS_GOT_CUMULATIVE_POINTS_R.Point">
            <summary>
            領取點數值
            </summary>
        </member>
        <member name="F:GS.ServerCommander.FS_IIS_GOT_CUMULATIVE_POINTS_R.PointType">
            <summary>
            點數類型 (1:U幣  2:H幣 3:電子幸運金4:對戰幸運金5:真人幸運金)
            </summary>
        </member>
        <member name="M:GS.ServerCommander.FS_IIS_GOT_CUMULATIVE_POINTS_R.ToString">
            <summary>
            輸出屬性資料
            </summary>
            <returns></returns>
        </member>
        <member name="T:GS.ServerCommander.FS_IIS_USER_LOGIN_R">
            <summary>
            登入封包回傳結構
            </summary>
        </member>
        <member name="M:GS.ServerCommander.FS_IIS_USER_LOGIN_R.#ctor">
            <summary>
            建構式
            </summary>
        </member>
        <member name="F:GS.ServerCommander.FS_IIS_USER_LOGIN_R.State">
            <summary>
            登入狀態代碼
            <para>0: 失敗 (所有未定義狀態)</para>
            <para>1: 成功</para>
            <para>2: 帳號不存在</para>
            <para>3: 登入錯誤超過上限 (６次) or 危險 IP</para>
            <para>7: 重複登入-玩家在大廳</para>
            <para>8: 帳號鎖定中</para>
            <para>9: 密碼錯誤</para>
            <para>10: 手機驗證未通過</para>
            <para>11: 帳號停用中 (永久)</para>
            <para>12: 伺服器維護中  [或預扣款錯誤]</para>
            <para>13: 帳號停用 (+ 天數)</para>
            <para>14: 通訊鎖未解鎖</para>
            <para>15: 會員重新認證 (贈點)</para>
            <para>16: 會員重新認證 (不贈點)</para>
            <para>17: 伺服器滿載</para>
            <para>18: 帳號升級中</para>
            <para>19: 重複登入-玩家在遊戲中</para>
            <para>20: 登入-玩家正在登入中或離開中</para>
            <para>21: 會員卡開通(需填寫基本資料)</para>
            <para>22: 此會員卡已開通,不得登入(請用新帳號登入)</para>
            <para>23: 重複登入失敗-玩家不在AS(此代碼不會回傳給WEB)</para>
            <para>24: 重複登入-玩家正在登入中或離開中</para>
            <para>PS. 若登入失敗時只有狀態以及玩家已在線上(7or19)會有值, 其他皆為 0 (Ex: 6@0@0@0@0@0@0@0@0@0@0@0)</para>
            <para>特例: State = 9 (密碼錯誤) 時, LoginKey = 密碼錯誤次數 (Ex. 9@3@0@0@0@0@0@0@0@0@0@0 密碼錯誤３次)</para>
            <para>特例: State = 13 (帳號停用) 時, LoginKey = 停用天數 (Ex. 13@3@0@0@0@0@0@0@0@0@0@0 停用３天)</para>
            <para>特例: State = 7 玩家已在線上-在大廳 (Ex. 7@0@10223@0@0@0@0@0@0@0@0@0)</para>
            <para>特例: State = 19 玩家已在線上-在遊戲 (Ex. 19@0@10223@0@0@0@0@0@0@0@0@0)</para>
            </summary>
        </member>
        <member name="F:GS.ServerCommander.FS_IIS_USER_LOGIN_R.LoginKey">
            <summary>
            登入後隨機產生的登入碼
            </summary>
        </member>
        <member name="F:GS.ServerCommander.FS_IIS_USER_LOGIN_R.MemberID">
            <summary>
            會員編號
            </summary>
        </member>
        <member name="F:GS.ServerCommander.FS_IIS_USER_LOGIN_R.LoginErrorCount">
            <summary>
            登入錯誤次數
            </summary>
        </member>
        <member name="F:GS.ServerCommander.FS_IIS_USER_LOGIN_R.NickName">
            <summary>
            會員暱稱
            </summary>
        </member>
        <member name="F:GS.ServerCommander.FS_IIS_USER_LOGIN_R.MemberAttribute">
            <summary>
            會員屬性 (詳見 ProtocolBase.h 中的 enum MEMBER_ATTRIBUTE )
            </summary>
        </member>
        <member name="F:GS.ServerCommander.FS_IIS_USER_LOGIN_R.MemberUIFlag">
            <summary>
            會員操作介面 (0: 簡易, 1: 進階)
            </summary>
        </member>
        <member name="F:GS.ServerCommander.FS_IIS_USER_LOGIN_R.Level">
            <summary>
            玩家等級
            </summary>
        </member>
        <member name="F:GS.ServerCommander.FS_IIS_USER_LOGIN_R.VIP_Level">
            <summary>
            玩家VIP星級數
            </summary>
        </member>
        <member name="F:GS.ServerCommander.FS_IIS_USER_LOGIN_R.TriDESUniID">
            <summary>
            通訊加密編號
            </summary>
        </member>
        <member name="F:GS.ServerCommander.FS_IIS_USER_LOGIN_R.TriDESKey">
            <summary>
            通訊加密金鑰
            </summary>
        </member>
        <member name="F:GS.ServerCommander.FS_IIS_USER_LOGIN_R.LoginEventFlag">
            <summary>
            登入遊戲事件(活動)紀錄Flag
            </summary>
        </member>
        <member name="F:GS.ServerCommander.FS_IIS_USER_LOGIN_R.OnlineID">
            <summary>
            辨識連線的唯一識別碼
            </summary>
        </member>
        <member name="F:GS.ServerCommander.FS_IIS_USER_LOGIN_R.WebLoginEventFlag">
            <summary>
            Web 使用之登入遊戲事件(活動)紀錄Flag
            </summary>
        </member>
        <member name="F:GS.ServerCommander.FS_IIS_USER_LOGIN_R.EggUrl">
            <summary>
            蛋蛋檔名
            </summary>
        </member>
        <member name="F:GS.ServerCommander.FS_IIS_USER_LOGIN_R.UserPhoto">
            <summary>
            大頭照檔名
            </summary>
        </member>
        <member name="F:GS.ServerCommander.FS_IIS_USER_LOGIN_R.AllPicFilePath">
            <summary>
            放大頭照,蛋蛋圖示的網址
            </summary>
        </member>
        <member name="F:GS.ServerCommander.FS_IIS_USER_LOGIN_R.DataInfoURL">
            <summary>
            DataInfo衛星點網址
            </summary>
        </member>
        <member name="M:GS.ServerCommander.FS_IIS_USER_LOGIN_R.ToString">
            <summary>
            輸出屬性資料
            </summary>
            <returns></returns>
        </member>
        <member name="P:GS.ServerCommander.ServerInfo.ServerIP">
            <summary>
            Server IP
            </summary>
        </member>
        <member name="P:GS.ServerCommander.ServerInfo.ServerPort">
            <summary>
            Server Port
            </summary>
        </member>
        <member name="P:GS.ServerCommander.ServerInfo.Command">
            <summary>
            發送之指令
            </summary>
        </member>
        <member name="P:GS.ServerCommander.ServerInfo.SendEncoding">
            <summary>
            發送使用之編碼
            </summary>
        </member>
        <member name="P:GS.ServerCommander.ServerInfo.ReceiveEncoding">
            <summary>
            接收使用之編碼
            </summary>
        </member>
        <member name="F:GS.ServerCommander.IIS_FS_Protocol.FS_AS_IIS_CANCEL_SEAT_KEEP">
            <summary>
            258 取消後台座位保留
            </summary>
        </member>
        <member name="F:GS.ServerCommander.IIS_FS_Protocol.FS_AS_USER_RELOGIN">
            <summary>
            264 後踢前-重複登入
            </summary>
        </member>
        <member name="F:GS.ServerCommander.IIS_FS_Protocol.FS_AS_USER_LOGOUT">
            <summary>
            265 FS 接收 IIS 通知玩家登出訊息, 轉發至 AS
            </summary>
        </member>
        <member name="F:GS.ServerCommander.IIS_FS_Protocol.FS_AS_IIS_LOGIN_BY_UNITED">
            <summary>
            266 IIS Login by United Member (聯合會員)
            </summary>
        </member>
        <member name="F:GS.ServerCommander.IIS_FS_Protocol.FS_AS_WEB_KICK_USER">
            <summary>
            267 FS 主動通知將某玩家踢離遊戲
            </summary>
        </member>
        <member name="F:GS.ServerCommander.IIS_FS_Protocol.FS_AS_LOGIN_STATE_CHANGE">
            <summary>
            270 變更FS是否只允許公司登入
            </summary>
        </member>
        <member name="F:GS.ServerCommander.IIS_FS_Protocol.FS_AS_VIRTUAL_PLAYERS">
            <summary>
            271 IIS定時傳送在線人數
            </summary>
        </member>
        <member name="F:GS.ServerCommander.IIS_FS_Protocol.FS_AS_IIS_GOT_CULATIVE_POINTS">
            <summary>
            272 兌換累積贏分
            </summary>
        </member>
        <member name="F:GS.ServerCommander.IIS_FS_Protocol.FS_AS_GAME_COMMAND">
            <summary>
            269 FS 主動通知某遊戲執行其命令
            </summary>
        </member>
        <member name="F:GS.ServerCommander.IIS_FS_Protocol.FS_AS_IIS_GAME_TABLE_CLEAR">
            <summary>
            274 通知FS 某遊戲,GroupID,某一桌解散
            </summary>
        </member>
        <member name="F:GS.ServerCommander.IIS_FS_Protocol.FS_AS_IIS_PA_BY_VERIFIED">
            <summary>
            275 通知玩家通過遊戲驗證 (含滿18歲)與否
            </summary>
        </member>
        <member name="F:GS.ServerCommander.IIS_FS_Protocol.FS_AS_RELOAD_GAME_TO_LMGROUP">
            <summary>
            278 網站通知重讀 GameToLMGroup
            </summary>
        </member>
        <member name="F:GS.ServerCommander.IIS_FS_Protocol.FS_AS_SPEAKER_ADD">
            <summary>
            279 增加喇叭數量
            </summary>
        </member>
        <member name="F:GS.ServerCommander.IIS_FS_Protocol.FS_AS_SET_SYS_SHUTDOWN">
            <summary>
            280 設定系統關機維護
            </summary>
        </member>
        <member name="F:GS.ServerCommander.IIS_FS_Protocol.FS_AS_CREDIT_CHANGE">
            <summary>
            282 玩家點數異動
            </summary>
        </member>
        <member name="F:GS.ServerCommander.IIS_FS_Protocol.FS_AS_ADD_MEMBER_CUMULATIVE_POINT">
            <summary>
            283 通知異動玩家累積贏分
            </summary>
        </member>
        <member name="F:GS.ServerCommander.IIS_FS_Protocol.FS_AS_IIS_GET_ASSISTANCE_POINTS">
            <summary>
            284 領取破產救濟金
            </summary>
        </member>
        <member name="F:GS.ServerCommander.IIS_FS_Protocol.FS_AS_GOT_BONUS">
            <summary>
            287 領取活動贈獎
            </summary>
        </member>
        <member name="F:GS.ServerCommander.IIS_FS_Protocol.FS_AS_IIS_LOGIN">
            <summary>
            288 IIS Login
            </summary>
        </member>
        <member name="F:GS.ServerCommander.IIS_FS_Protocol.FS_AS_IIS_SET_USER_LEVEL">
            <summary>
            289 通知AS更新玩家等級
            </summary>
        </member>
        <member name="F:GS.ServerCommander.IIS_FS_Protocol.FS_AS_IIS_LOGIN_BY_GUEST">
            <summary>
            291 IIS Login by Guest (現場直擊)
            </summary>
        </member>
        <member name="F:GS.ServerCommander.IIS_FS_Protocol.FS_AS_ADD_LUCKYMONEY">
            <summary>
            293 玩家取得幸運金
            </summary>
        </member>
        <member name="F:GS.ServerCommander.IIS_FS_Protocol.FS_AS_ADD_GIFT">
            <summary>
            294 獲得禮物
            </summary>
        </member>
        <member name="F:GS.ServerCommander.IIS_FS_Protocol.FS_AS_IIS_CHANGE_GAME_SEAT_KEEP_TIME">
            <summary>
            298 後台通知遊戲保留座時間改變
            </summary>
        </member>
        <member name="T:GS.ServerCommander.FSCommander">
            <summary>
            Front Server命令
            </summary>
        </member>
        <member name="M:GS.ServerCommander.FSCommander.#cctor">
            <summary>
            建構式
            </summary>
        </member>
        <member name="M:GS.ServerCommander.FSCommander.FS_AS_IIS_CANCEL_SEAT_KEEP(System.String,System.String,System.String,System.String)">
            <summary>
            FSCommandID: 258
            <para>取消座位保留</para>
            </summary>
            <param name="GameID">遊戲編號</param>
            <param name="GroupID">遊戲群組編號</param>
            <param name="TableNo">桌子編號</param>
            <param name="SeatNo">座位編號</param>
            <returns>
            詢問結果 (0: 失敗, 1: 成功)
            </returns>
        </member>
        <member name="M:GS.ServerCommander.FSCommander.FS_AS_USER_RELOGIN(System.String,System.String,System.String,System.String,System.String)">
            <summary>
            FSCommandID: 264
            <para>後踢前-重複登入</para>
            </summary>
            <param name="MemberID">玩家編號</param>
            <param name="PlayerIP">玩家上線 IP</param>
            <param name="Platform">玩家使用平台</param>
            <param name="SessionID">Session ID</param>
            <param name="WID">(老子有錢系列時此值固定為0, 而ruby 系列則要帶正確的WID)</param>
            <returns>
            	回傳內容請參閱: 登入狀態及初始封包定義
            </returns>
        </member>
        <member name="M:GS.ServerCommander.FSCommander.FS_AS_USER_LOGOUT(System.String,System.String)">
            <summary>
            FSCommandID: 265
            <para>FS 接收 IIS 通知玩家登出訊息, 轉發至 AS</para>
            </summary>
            <param name="MemberID">會員編號</param>
            <param name="OnlineID">OnlineID</param>
            <returns>執行結果</returns>
        </member>
        <member name="M:GS.ServerCommander.FSCommander.FS_AS_IIS_LOGIN_BY_UNITED(System.String,System.String,System.String,System.String,System.String)">
            <summary>
            FSCommandID: 266
            <para>IIS Login by United Member (聯合會員)</para>
            </summary>
            <param name="Account">玩家帳號</param>
            <param name="PlayerIP">玩家上線 IP</param>
            <param name="Platform">玩家使用平台</param>
            <param name="SessionID">Session ID</param>
            <param name="WID">(老子有錢系列時此值固定為0, 而ruby 系列則要帶正確的WID)</param>
            <returns>
            	回傳內容請參閱: 登入狀態及初始封包定義
            </returns>
        </member>
        <member name="M:GS.ServerCommander.FSCommander.FS_AS_WEB_KICK_USER(System.String)">
            <summary>
            FSCommandID: 267
            <para>FS 主動通知將某玩家踢離遊戲</para>
            </summary>
            <param name="MemberID">玩家編號</param>
            <returns>
            	詢問結果 (0: 失敗, 1: 成功)
            </returns>
        </member>
        <member name="M:GS.ServerCommander.FSCommander.FS_AS_IIS_GAME_TABLE_CLEAR(System.Int32,System.Int32,System.String)">
            <summary>
            FSCommandID: 274
            <para>通知FS桌解散</para>
            </summary>
            <param name="GameID">遊戲編號</param>
            <param name="GroupID">遊戲群組編號</param>
            <param name="TableID">桌編號</param>
            <returns>0: 失敗 / 1: 成功</returns>
        </member>
        <member name="M:GS.ServerCommander.FSCommander.FS_AS_IIS_PA_BY_VERIFIED(System.Int32,System.Int32)">
            <summary>
            FSCommandID: 275
            <para>通知FS 玩家通過遊戲驗證</para>
            </summary>
            <param name="MemberID">會員編號</param>
            <param name="IsVerified">是否通過驗證 (1=通過,0=不通過)</param>
            <returns>0: 失敗 / 1: 成功</returns>
        </member>
        <member name="M:GS.ServerCommander.FSCommander.FS_AS_LOGIN_STATE_CHANGE(System.String)">
            <summary>
            FSCommandID: 270
            <para>變更FS登入狀態</para>
            </summary>
            <param name="state">
            <para>-1	: 查詢目前狀態</para>
            <para>0	: 開放登入</para>
            <para>1	: 只允許公司員工登入</para>
            </param>
            <returns>
            <para>0: 開放登入</para>
            <para>1: 只允許公司員工登入</para>
            </returns>
        </member>
        <member name="M:GS.ServerCommander.FSCommander.FS_AS_SPEAKER_ADD(System.String,System.String,System.String,System.String)">
            <summary>
            FSCommandID: 279
            <para>增加喇叭數量</para>
            </summary>
            <param name="MemberID">玩家編號</param>
            <param name="ProductID">道具編號</param>
            <param name="Quality">本次購買數量</param>
            <param name="Amount">增加的道具總數</param>
            <returns>
            	詢問結果 (0: 失敗, 1: 成功)
            </returns>
        </member>
        <member name="M:GS.ServerCommander.FSCommander.FS_AS_CREDIT_CHANGE(System.Int64,System.Int32,System.Decimal,System.Int32)">
            <summary>
            FSCommandID: 282
            <para>玩家點數異動</para>
            </summary>
            <param name="KeyInOutNO">事件編號</param>
            <param name="MemberID">會員編號</param>
            <param name="PointChange">異動點數</param>
            <param name="PointType">點數類型(1:U幣  2:H幣)</param>
            <returns>
            	[Result]&amp;[ResultMsg]
            	[Result]: 異動結果 (0: 成功, 其他代碼訊息請查詢 DB 定義)
            	[ResultMsg]: 結果訊息
            </returns>
        </member>
        <member name="M:GS.ServerCommander.FSCommander.FS_AS_GOT_BONUS(System.Int32,System.Int32,System.String,System.String,System.String,System.String,System.String)">
            <summary>
            FSCommandID: 287
            <para>領取活動贈獎</para>
            </summary>
            <param name="MemberID">玩家編號</param>
            <param name="ActID">活動編號</param>
            <param name="ActType">活動類型</param>
            <param name="Name">玩家姓名</param>
            <param name="Mobile">手機</param>
            <param name="Phone">電話</param>
            <param name="Address">地址</param>
            <returns>
            	詢問結果 (0: 失敗, 1: 成功)
            </returns>
        </member>
        <member name="M:GS.ServerCommander.FSCommander.FS_AS_IIS_LOGIN(System.String,System.String,System.String,System.String,System.String,System.String,System.String)">
            <summary>
            FSCommandID: 288
            <para>IIS Login</para>
            </summary>
            <param name="Account">玩家帳號</param>
            <param name="Password">玩家密碼</param>
            <param name="LoginIP">玩家上線 IP</param>
            <param name="PhoneCode">手機末四碼</param>
            <param name="Platform">玩家使用平台</param>
            <param name="SessionID">Session ID</param>
            <param name="WID">老子有錢系列時此值固定為0, 而ruby 系列則要帶正確的WID</param>
            <returns>
            	回傳內容請參閱: 登入狀態及初始封包定義
            </returns>
        </member>
        <member name="M:GS.ServerCommander.FSCommander.FS_AS_IIS_LOGIN_BY_GUEST(System.String,System.String,System.String)">
            <summary>
            FSCommandID: 291
            <para>免費遊戲登入</para>
            </summary>
            <param name="SessionID">SessionID</param>
            <param name="WID">單號</param>
            <param name="LoginIP">登入位址</param>
            <returns>登入結果</returns>
        </member>
        <member name="M:GS.ServerCommander.FSCommander.FS_AS_ADD_LUCKYMONEY(System.String,System.String,System.String,System.String)">
            <summary>
            FSCommandID: 293
            <para>玩家取得幸運金</para>
            </summary>
            <param name="MemberID">會員編號</param>
            <param name="LMActivityID">幸運金活動編號</param>
            <param name="LMGroupID">幸運金群組編號</param>
            <param name="LMPresented">幸運金贈點</param>
            <returns>
            	詢問結果 (0: 失敗, 1: 成功)
            </returns>
        </member>
        <member name="M:GS.ServerCommander.FSCommander.FS_AS_ADD_GIFT(System.String,System.String,System.String)">
            <summary>
            FSCommandID: 294
            <para>獲得禮物</para>
            </summary>
            <param name="EventType">事件編號</param>
            <param name="MemberID">玩家編號</param>
            <param name="GiftID">獲得的禮物編號</param>
            <returns>
            	[Result]&amp;[BonusAct]
            		[Result]: 贈送結果 (0: 失敗, 1: 成功)
            		[BonusAct]: 該活動禮物的資訊字串
            </returns>
        </member>
        <member name="M:GS.ServerCommander.FSCommander.FS_AS_IIS_SET_USER_LEVEL(System.Int32,System.String,System.String)">
            <summary>
            FSCommandID: 289
            <para>通家AS更新玩家等級</para>
            </summary>
            <param name="MemberID">玩家編號</param>
            <param name="OnlineID">OnlineID</param>
            <param name="Level">玩家等級</param>
            <returns></returns>
        </member>
        <member name="M:GS.ServerCommander.FSCommander.FS_AS_VIRTUAL_PLAYERS(System.Int32)">
            <summary>
            FSCommandID: 271
            <para>IIS定時傳送在線人數</para>
            </summary>
            <param name="PlayerCount">IIS線上人數</param>
        </member>
        <member name="M:GS.ServerCommander.FSCommander.FS_AS_IIS_GOT_CULATIVE_POINTS(System.Int32,System.String)">
            <summary>
            FSCommandID: 272
            <para>兌換累積贏分</para>
            </summary>
            <returns></returns>
        </member>
        <member name="M:GS.ServerCommander.FSCommander.FS_AS_ADD_MEMBER_CUMULATIVE_POINT(System.Int32,System.Decimal)">
            <summary>
            FSCommandID: 283
            <para>通知異動玩家累積贏分</para>
            </summary>
            <param name="MemberID">會員編號</param>
            <param name="ChangePoint">異動累積贏分</param>
            <returns></returns>
        </member>
        <member name="M:GS.ServerCommander.FSCommander.FS_AS_GAME_COMMAND(System.Int32,System.Int32,System.Int32,System.String)">
            <summary>
            FSCommandID: 269
            <para>通知某遊戲執行其命令</para>
            </summary>
            <param name="GameID">遊戲編號</param>
            <param name="GroupID">遊戲群組編號</param>
            <param name="CmdID">命令編號</param>
            <param name="CommandText">命令內容</param>
            <returns></returns>
        </member>
        <member name="M:GS.ServerCommander.FSCommander.FS_AS_SET_SYS_SHUTDOWN">
            <summary>
            FSCommandID: 280
            <para>通知系統關機維護</para>
            </summary>
            <returns></returns>
        </member>
        <member name="M:GS.ServerCommander.FSCommander.FS_AS_RELOAD_GAME_TO_LMGROUP">
            <summary>
            FSCommandID: 278
            <para>通知FS重讀LuckyMoney開放資訊</para>
            </summary>
            <returns></returns>
        </member>
        <member name="M:GS.ServerCommander.FSCommander.FS_AS_IIS_CHANGE_GAME_SEAT_KEEP_TIME(System.Int32,System.Int32,System.Int32)">
            <summary>
            FSCommandID: 298 後台通知遊戲保留座時間改變
            </summary>
            <param name="SeatKeepTime">保留座時間改變數 (單位: 小時)</param>
            <param name="GameID">遊戲編號  (0 = 全部)</param>
            <param name="GroupID">遊戲群組</param>
            <returns></returns>
        </member>
        <member name="P:GS.ServerCommander.FSCommander.FrontServerIP">
            <summary>
            ServerIP
            </summary>
        </member>
        <member name="P:GS.ServerCommander.FSCommander.FrontServerPort">
            <summary>
            ServerPort
            </summary>
        </member>
        <member name="P:GS.ServerCommander.FSCommander.SHID">
            <summary>
            SHID
            </summary>
        </member>
        <member name="T:GS.ServerCommander.IMCommander">
            <summary>
            IM命令
            </summary>
        </member>
        <member name="M:GS.ServerCommander.IMCommander.#cctor">
            <summary>
            建構式
            </summary>
        </member>
        <member name="M:GS.ServerCommander.IMCommander.IM_MGT_SEND_MAIL(System.Int32,System.Int32,System.String,System.String)">
            <summary>
            IMCommandID: 256
            <para>發送IM信息</para>
            </summary>
            <param name="AgentID">後台管理者編號</param>
            <param name="MemberID">會員編號</param>
            <param name="Subject">信息主題</param>
            <param name="Body">信息內容</param>
            <returns></returns>
        </member>
        <member name="M:GS.ServerCommander.IMCommander.IM_MGT_SEND_QA_BROADCAST_R(System.Int32,System.String,System.String)">
            <summary>
            IMCommandID: 257
            <para>發送IM系統通知</para>
            </summary>
            <param name="AgentID">後台管理者編號</param>
            <param name="AgentNickName">後台管理者暱稱</param>
            <param name="Body">信息內容</param>
            <returns></returns>
        </member>
        <member name="F:GS.ServerCommander.IIS_IM_Protocol.IM_MGT_SEND_MAIL">
            <summary>
            256 發送IM信息
            </summary>
        </member>
        <member name="F:GS.ServerCommander.IIS_IM_Protocol.IM_MGT_SEND_QA_BROADCAST_R">
            <summary>
            257 發送IM系統通知
            </summary>
        </member>
    </members>
</doc>
